A1 GEO ID,A2 Disease+tissue,A3 GEO title,B1 Case group,B2 Control group,B3 Control type,B4 n vs n,C1 Type,C2 Arm used,D1 Data,D2 ID type,D3 SRP,E1 Verdict
GSE207000,Adenomyosis / endometrium,Transcriptome analysis of EGR1 knock-down eutopic endometrial mesenchymal stem cells by RNA-sequencing in patients with adenomyosis.,EGR1-KD,Scr,scrambled shRNA control,3 v 3,RNA-seq,EGR1-KD vs Scr,raw counts,Gene Symbol,SRP383569,"ANALYSED - DESeq2; EGR1 knockdown in eutopic MSCs, strong knockdown signature (5049 DEGs)"
GSE262302,Adenomyosis / plasma exosomes,Exosomal miR-92a-3p as a diagnostic biomarker for adenomyosis and its pathological mechanism,Adenomyosis,Control,healthy control,8 v 8,RNA-seq,Adenomyosis vs Control,raw counts,Gene Symbol,SRP498967,"ANALYSED - DESeq2; plasma exosomes miRNA profile, low signal (7 DEGs)"
GSE316028,Endometriosis / endometrial stromal cells,Pyruvate carboxylase promotes glycolysis and progression of endometriosis by activating the AKT pathway,siPC,NC,negative control siRNA,3 v 3,RNA-seq,siPC vs NC,raw counts,Gene Symbol,SRP568341,"ANALYSED - DESeq2; PC knockdown in immortalized ESCs, very strong signature (4643 DEGs)"
GSE40007,Endometriosis / endometrial stromal cells,TNFalpha and IL1beta stimulate differential gene expression in endometrial stromal cells,TNFα,Vehicle,vehicle control,3 v 3,Microarray,TNFα vs Vehicle,microarray intensities,Entrez,no srp,"ANALYSED - limma; TNFa stimulated ESCs, low response (2 DEGs)"
GSE44207,Endometriosis / endometrial stromal cells,CCAAT/enhancer-binding protein alpha is epigenetically silenced by histone acetylation in endometriosis and promotes the pathogenesis of endometriosis: a novel therapeutic target,VPA-treated,Untreated,untreated control,4 v 4,Microarray,VPA-treated vs Untreated,microarray intensities,Probe ID,no srp,"ANALYSED - limma; VPA treatment of primary ESCs, massive chromatin remodeling response (3895 DEGs)"
GSE47360,Endometriosis / endometrial stromal cells,Genome-wide DNA methylation profiling in cultured eutopic and ectopic endometrial stromal cells (expression),Endometriosis,Control,healthy control,6 v 3,Microarray,Endometriosis vs Control,microarray intensities,Gene Symbol,no srp,"ANALYSED - limma; ESC case vs control, no independent signal (flag weak)"
GSE56854,Endometriosis / endometrial stromal cells,Compulsory expression of miR-210 in normal endometrial stromal cells,miR-210,NC miRNA,negative control transfection,4 v 4,Microarray,miR-210 vs NC miRNA,microarray intensities,Gene Symbol,no srp,"ANALYSED - limma; miR-210 overexpression in ESCs, strong response (1130 DEGs)"
GSE75425,Endometriosis / endometrial stromal cells,mRNA expression profiles in decidualized and non-decidualized normal endometrial stromal cells (NESCs).,cAMP + Dienogest,FBS,vehicle control,4 v 4,Microarray,cAMP + Dienogest vs FBS,microarray intensities,Gene Symbol,no srp,"ANALYSED - limma; decidualized ESC cAMP/dienogest vs FBS, moderate signature (6 DEGs)"
GSE51981,Endometriosis / endometrium,Molecular Classification of Endometriosis and Disease Stage Using High-Dimensional Genomic Data,Endometriosis,Control,healthy control,77 v 71,Microarray,Endometriosis vs Control,microarray intensities,Gene Symbol,no srp,"ANALYSED - limma; bulk endometrium case vs control, massive diagnostic transcriptomic signature (8476 DEGs)"
GSE6364,Endometriosis / endometrium (eutopic),Endometriosis eutopic endometrium microarray expression,Endometriosis,Control,healthy control,21 v 16,Microarray,Endometriosis vs Control,microarray intensities,Gene Symbol,no srp,"ANALYSED - limma; secretory phase endometrium, zero sig genes (flag weak)"
GSE286315,PCOS / endometrial stromal cells,HOXC4 Promotes Proliferation of Endometriotic Stromal Cells via the SLIT2-ROBO1 Axis,HOXC4 KO,Control EcSCs,non-targeting control,3 v 3,RNA-seq,HOXC4 KO vs Control EcSCs,raw counts,Gene Symbol,SRP518602,"ANALYSED - DESeq2; HOXC4 knockdown in endometriotic stromal cells, moderate signature (82 DEGs)"
GSE102293,PCOS / granulosa,Enhanced Inflammatory Transcriptome in the Granulosa Cells of Women With Polycystic Ovarian Syndrome,PCOS,Control,healthy control,2 v 4,Microarray,PCOS vs Control,microarray intensities,Gene Symbol,no srp,"ANALYSED - limma; granulosa cells, small sample size (2 v 4) yields zero sig (flag weak)"
GSE106724,PCOS / granulosa,Profiles for long noncoding RNAs in ovarian granulosa cells from polycystic ovary syndrome patients with different serum concentrations of androgen,PCOS (HA),Control,healthy control,4 v 4,Microarray,PCOS (HA) vs Control,microarray intensities,Gene Symbol,no srp,"ANALYSED - limma; PCOS hyperandrogenism in granulosa, strong signature (1088 DEGs)"
GSE114419,PCOS / granulosa,Coding and Non-coding gene expression signatures of granulosa cells from Polycystic Ovary Syndrome Patients,PCOS,Control,healthy control,3 v 3,Microarray,PCOS vs Control,microarray intensities,Gene Symbol,no srp,"ANALYSED - limma; granulosa cells, small sample size (3 v 3), zero sig (flag weak)"
GSE137684,PCOS / granulosa,Differential messenger RNA expression in Granulosa Cells from polycystic ovary syndrome with Normoandrogen and Hyperandrogen: Identification of gene sets through bioinformatic Filtering analysis,PCOS (NA),Control,healthy control,4 v 4,Microarray,PCOS (NA) vs Control,microarray intensities,Gene Symbol,no srp,"ANALYSED - limma; normoandrogenic PCOS in granulosa, zero sig (flag weak)"
GSE34526,PCOS / granulosa (whole-gc),Differential Gene Expression in Granulosa Cells from Polycystic Ovary Syndrome Patients with and without Insulin Resistance: Identification of Susceptibility Gene Sets through Network Analysis,PCOS,Control,healthy control,7 v 3,Microarray,PCOS vs Control,microarray intensities,Probe ID,no srp,"ANALYSED - limma; granulosa cells PCOS vs control, zero sig (flag weak)"
GSE6798,PCOS / skeletal muscle,Reduced expression of mitochondrial oxidative metabolism genes in skeletal muscle of women with PCOS,PCOS,Control,healthy control,16 v 13,Microarray,PCOS vs Control,microarray intensities,Gene Symbol,no srp,"ANALYSED - limma; skeletal muscle, low signal (21 DEGs)"
GSE8157,PCOS / skeletal muscle,Gene expression profiling in skeletal muscle of PCOS after pioglitazone therapy,PCOS,Control,healthy control,10 v 13,Microarray,PCOS vs Control,microarray intensities,Gene Symbol,no srp,"ANALYSED - limma; skeletal muscle PCOS vs control, strong signature (1723 DEGs)"
GSE199225,PCOS / skeletal muscle (vastus),TGFβ1 impairs the transcriptomic response to contraction in myotubes from women with polycystic ovary syndrome,PCOS,Control,healthy control,24 v 25,RNA-seq,PCOS vs Control,raw counts (recount3),Gene Symbol,SRP365287,"ANALYSED - DESeq2; vastus skeletal muscle, robust differential response (995 DEGs)"
